Variabile,C,C_Test,Html,Html_test,Java,Java_test,PHP,PHP_test
C,1.0,0.2337161301798321,0.5948622679937849,0.9557663435315824,0.926322624709743,0.22508313381872563,0.6096503269961402,0.9587050038769538
C_Test,0.2337161301798321,1.0,0.7399970740568808,0.1638301380240895,0.39207400300652157,0.6613573649068577,0.7077444952188917,0.22450454641294354
Html,0.5948622679937849,0.7399970740568808,1.0,0.4936755105017821,0.7508358662274676,0.6390681460936026,0.9656966595123566,0.5390956414812454
Html_test,0.9557663435315824,0.1638301380240895,0.49367551050178216,1.0,0.8418658584178333,0.1611968236511077,0.4853231069629939,0.9832438917520891
Java,0.926322624709743,0.3920740030065216,0.7508358662274676,0.8418658584178333,1.0,0.42558432450432326,0.7727369482987237,0.8499305686671933
Java_test,0.22508313381872563,0.6613573649068577,0.6390681460936026,0.16119682365110774,0.42558432450432326,0.9999999999999999,0.6165764731099084,0.15840758717894296
PHP,0.6096503269961403,0.7077444952188917,0.9656966595123566,0.48532310696299386,0.7727369482987237,0.6165764731099084,1.0,0.5558238490260862
PHP_test,0.9587050038769538,0.22450454641294354,0.5390956414812454,0.9832438917520891,0.8499305686671934,0.15840758717894296,0.5558238490260862,1.0
